Nombre_Objetivo,Actividades_Clínicas_Base,Actividades_Familia_Base,Cantidad_Logros,Definición_Operativa,Fecha,Franja_Etaria,ID_Objetivo,Indicador_Tipo,Informe_Tecnico,Intentos_Sugeridos,Logros,Marco_Conceptual,Meta_%,Módulo,Nivel_1_Descripción,Nivel_2_Descripción,Nivel_3_Descripción,Objetivo_Logrado,Progreso,Recomendacion_Clinica,Semáforo,Sesiones,Sesiones_Consecutivas,Subárea,obj/registro,Área
Combinación espontánea de dos palabras,"Juego de pedir objetos utilizando combinaciones (más jugo, más pelota)

Modelado verbal durante el juego simbólico

Expansión de producciones del niño (niño dice ""auto"" → adulto modela ""auto grande"")

Juego con muñecos realizando acciones simples (nene duerme, mamá come)

Uso de tarjetas con imágenes para provocar combinaciones","Nombrar objetos y agregar una palabra más (auto grande, perro duerme)

Esperar que el niño pida algo y modelar combinación (más galleta)

Durante el juego repetir combinaciones simples

Leer cuentos cortos enfatizando combinaciones de dos palabras

Reforzar positivamente cada intento de combinación verbal",0,"Producción espontánea o inducida de dos palabras diferenciadas dentro de un mismo acto comunicativo, que expresen una relación semántica clara.

Ejemplos:
mamá agua
más galleta
auto grande
nene duerme

Se considera correcta cuando ambas palabras son reconocibles y forman una combinación con intención comunicativa.",,2-3,NL-2-EXP-04,Porcentaje de emisiones correctas,El objetivo se encuentra actualmente en estado: En proceso. Hasta el momento se registran 0 sesiones con cumplimiento del criterio terapéutico.,10,,"Entre los 24 y 36 meses se espera que los niños comiencen a combinar palabras para expresar relaciones semánticas simples como posesión, acción o ubicación. Este hito representa el inicio del desarrollo sintáctico temprano.

La combinación espontánea de dos palabras refleja un avance en la organización del lenguaje expresivo y en la capacidad del niño para estructurar mensajes comunicativos con mayor complejidad.

La ausencia de combinaciones hacia los 30–36 meses puede constituir un indicador de alerta en el desarrollo del lenguaje.",70,Neurolengua,"Sustantivo + sustantivo
ej: mamá agua
","
Sustantivo + verbo
ej: nene duerme
","
Sustantivo + adjetivo
ej: auto grande",En proceso,,Se recomienda continuar intervención terapéutica sobre este objetivo.,🔴 Prioritario,,2,Combinación sintáctica inicial,,Lenguaje Expresivo
Uso espontáneo de verbo,Juego simbólico con accionesImitación motora + verbalRutinas verbalesModelado expandido,Narrar acciones cotidianasDar opciones verbales (“¿querés comer o tomar?”)Reforzar producciones espontáneas,0,Producción espontánea o inducida de un verbo con intención comunicativa clara.,,2-3,NL-2-EXP-05,Porcentaje de emisiones correctas,El objetivo se encuentra actualmente en estado: En proceso. Hasta el momento se registran 0 sesiones con cumplimiento del criterio terapéutico.,10,,Entre los 24 y 36 meses emerge el uso espontáneo de verbos como indicador del desarrollo sintáctico inicial. Su ausencia puede señalar dificultades en la organización del lenguaje expresivo.,70,Neurolengua,"Verbo aislado (ej. “come”, “dame”)",Sustantivo + verbo (ej. “mamá come”),Sujeto + verbo + objeto (ej. “mamá toma agua”),En proceso,,Se recomienda continuar intervención terapéutica sobre este objetivo.,🔴 Prioritario,,2,Estructuración verbal,,Lenguaje Expresivo
Petición verbal espontánea,"
• Juegos de anticipación
• Rutinas interrumpidas
• Elección forzada
• Demoras controladas","
• Esperar iniciativa verbal antes de dar objeto
• Modelar pedidos funcionales
• Reforzar intentos comunicativos
• Evitar anticiparse constantemente",0,"Producción verbal espontánea dirigida a solicitar un objeto, acción o ayuda sin modelo inmediato.",,2-3,NL-2-EXP-06,Porcentaje de peticiones verbales espontáneas,El objetivo se encuentra actualmente en estado: En proceso. Hasta el momento se registran 0 sesiones con cumplimiento del criterio terapéutico.,10,,Entre los 24 y 36 meses se espera que el niño utilice el lenguaje para expresar necesidades y deseos de forma espontánea. La ausencia de peticiones verbales puede indicar dificultades pragmáticas o expresivas.,70,Neurolengua,"Petición con palabra única (ej. “agua”, “más”)","Petición con verbo (ej. “dame”, “quiero”)","Petición con estructura completa (ej. “quiero jugo”, “dame pelota”)",En proceso,,Se recomienda continuar intervención terapéutica sobre este objetivo.,🔴 Prioritario,,2,Intencionalidad comunicativa,,Lenguaje Funcional
Respuesta verbal a consignas simples,"Rutinas de consignas breves (dame/mostrame/dónde está) con objetos reales.

Juego de búsqueda (esconder objeto y preguntar “¿dónde está…?”).

Elección forzada con respuesta verbal (“¿querés agua o jugo?”) + espera de respuesta.

Modelado y expansión: si responde “agua” → modelar “quiero agua”.

Juego de “ayudante”: “traé…”, “poné…”, “guardá…” y pedir que lo nombre.","Usar consignas simples en rutinas (baño/comida/juego) y esperar respuesta verbal.

Hacer preguntas funcionales (“¿qué querés?”, “¿dónde está…?”) antes de entregar.

Ofrecer dos opciones y pedir que responda con palabra (“agua/jugo”).

Reforzar cualquier intento verbal y modelar la versión correcta sin exigir repetición.

Jugar a esconder/buscar objetos con preguntas cortas y repetidas.",0,"Ante una consigna simple (1 paso) dada por el adulto en contexto y sin repetición inmediata, el niño emite una respuesta verbal adecuada (palabra o frase) relacionada con la consigna.

Ejemplos de consignas:
“¿Dónde está…?”
“Dame…”
“Mostrame…”
“¿Qué querés?”
“¿Qué es?”
Se considera correcta cuando la respuesta verbal es pertinente al pedido (aunque sea una palabra).",,2-3,NL-2-EXP-07,Porcentaje de emisiones correctas,El objetivo se encuentra actualmente en estado: En proceso. Hasta el momento se registran 0 sesiones con cumplimiento del criterio terapéutico.,10,,"Entre los 24 y 36 meses se espera que el niño comprenda consignas simples y pueda responder a ellas. La respuesta verbal (además de la acción o el gesto) indica avance en la integración comprensión–producción y en la intención comunicativa.

Dificultades sostenidas para responder pueden asociarse a retrasos en comprensión verbal, baja atención conjunta o escasa iniciativa comunicativa, por lo que se recomienda trabajar consignas funcionales, breves y repetidas en rutinas.",70,Neurolengua,"Respuesta con palabra única (ej. “acá”, “agua”, “auto”)
","
Respuesta con combinación de 2 palabras (ej. “acá auto”, “quiero agua”)
","
 Respuesta con frase breve funcional (ej. “quiero más agua”, “está acá”)",En proceso,,Se recomienda continuar intervención terapéutica sobre este objetivo.,🔴 Prioritario,,2,Interacción,,Lenguaje Comprensivo-Expresivo
Combinación sustantivo + verbo,"Juego con muñecos realizando acciones (nene come, bebé duerme).

Tarjetas de acciones con personas o animales.

Juego simbólico con animales o autos describiendo lo que hacen.

Modelado y expansión de producciones del niño.

Narración breve de acciones durante el juego.","Nombrar acciones cotidianas con el niño (mamá cocina, papá trabaja).

Durante el juego con juguetes describir acciones simples.

Leer cuentos cortos y señalar qué hace cada personaje.

Reforzar cuando el niño combine dos palabras para describir acciones.

Modelar frases simples sin exigir repetición.",0,"Producción espontánea o inducida de una combinación de dos palabras formada por un sustantivo y un verbo que describa una acción.

Ejemplos:
nene come
mamá duerme
perro corre
auto anda
bebé llora

Se considera correcta cuando ambas palabras son reconocibles y expresan una relación clara entre sujeto y acción dentro del mismo acto comunicativo.",,2-3,NL-2-EXP-08,Porcentaje de emisiones correctas,El objetivo se encuentra actualmente en estado: En proceso. Hasta el momento se registran 0 sesiones con cumplimiento del criterio terapéutico.,10,,"Entre los 24 y 36 meses los niños comienzan a producir combinaciones de dos palabras que expresan relaciones semánticas simples. Una de las estructuras más frecuentes es la combinación de sustantivo + verbo, que permite describir acciones realizadas por personas, animales u objetos.

Este tipo de producción representa un avance en el desarrollo sintáctico temprano, ya que implica organizar el lenguaje en estructuras mínimas con significado relacional. La aparición de combinaciones sustantivo + verbo indica progreso en la capacidad del niño para representar acciones y eventos mediante el lenguaje.

La ausencia persistente de este tipo de combinaciones hacia los 30–36 meses puede constituir un indicador de alerta en el desarrollo del lenguaje expresivo.",70,Neurolengua,Producción de combinaciones sustantivo + verbo con apoyo del adulto o modelado directo.,Producción de combinaciones sustantivo + verbo ante pregunta o estímulo visual.,Producción espontánea de combinaciones sustantivo + verbo durante el juego o interacción cotidiana.,En proceso,,Se recomienda continuar intervención terapéutica sobre este objetivo.,🔴 Prioritario,,2,Sintaxis inicial,,Lenguaje Expresivo
Denominación espontánea de objetos familiares,"Caja sorpresa con objetos familiares para nombrar.

Juego de clasificación de objetos cotidianos.

Tarjetas o imágenes de objetos conocidos.

Juego simbólico con objetos reales.

Lotería o memotest de vocabulario básico.","Nombrar objetos del hogar durante rutinas cotidianas.

Pedir al niño que nombre objetos antes de entregarlos.

Leer libros de imágenes simples y pedir que diga qué ve.

Jugar a buscar objetos en la casa y nombrarlos.

Reforzar positivamente cada intento de denominación.",0,"Producción espontánea del nombre de objetos familiares presentes en el entorno o en imágenes, sin modelo verbal inmediato del adulto.

Se considera correcta cuando el niño emite una palabra reconocible que identifica el objeto presentado o utilizado en el contexto de juego o interacción.

Ejemplos:
auto
pelota
agua
mamá
zapato",,2-3,NL-2-EXP-09,Porcentaje de emisiones correctas,El objetivo se encuentra actualmente en estado: En proceso. Hasta el momento se registran 0 sesiones con cumplimiento del criterio terapéutico.,10,,"Entre los 24 y 36 meses el vocabulario expresivo del niño experimenta un crecimiento significativo. La denominación espontánea de objetos familiares refleja el acceso léxico, la organización semántica y la intención comunicativa.

Nombrar objetos de manera espontánea indica que el niño puede recuperar la palabra adecuada sin modelo inmediato, lo que implica un nivel mayor de consolidación del vocabulario.

Dificultades persistentes en la denominación pueden estar asociadas a retrasos en el desarrollo léxico o en los procesos de evocación verbal.",70,Neurolengua,Denomina objetos familiares con apoyo contextual o señalamiento del adulto.,Denomina objetos ante la pregunta directa del adulto (“¿qué es?”).,Denomina objetos de manera espontánea durante el juego o la interacción cotidiana.,En proceso,1,Se recomienda continuar intervención terapéutica sobre este objetivo.,🔴 Prioritario,,2,Acceso léxico,"4 (https://www.notion.so/4-31cdbccbb7cb80fb89a7fcf32c07746f?pvs=21), 2 (https://www.notion.so/2-31cdbccbb7cb80bda649cda3bf5442a5?pvs=21)",Léxico
Producción de oraciones completas gramaticalmente correctas,Descripción de imágenesNarración guiadaExpansión sintácticaReestructuración verbal,Conversaciones narrativasReformulación modeladaJuegos de historiasDescripción diaria de eventos,0,Producción oral de oraciones completas con estructura sintáctica adecuada y concordancia correcta.,,6-7,NL-6-EXP-01,Porcentaje de oraciones correctas,El objetivo se encuentra actualmente en estado: En proceso. Hasta el momento se registran 0 sesiones con cumplimiento del criterio terapéutico.,10,,Entre los 6 y 8 años se espera consolidación de estructuras sintácticas completas y correctas. Errores persistentes pueden indicar dificultades en la organización gramatical o en el procesamiento lingüístico.,80,Neurolengua,Oración simple correcta,Oración con expansión,Oración compleja,En proceso,,Se recomienda continuar intervención terapéutica sobre este objetivo.,🔴 Prioritario,,2,Sintaxis,,Lenguaje Expresivo
Uso adecuado de conectores temporales y causales,Ordenar secuencias temporalesCompletar historias con conectoresJuegos de causa–efectoRelatos con tarjetas narrativas,"
• Preguntar “¿por qué?” y “¿qué pasó después?”
• Modelar conectores al hablar
• Narrar rutinas paso a paso
• Leer cuentos y comentar secuencias",1,Producción oral de conectores adecuados en contexto narrativo o explicativo.,,6-7,NL-6-EXP-02,Porcentaje de uso correcto de conectores,El objetivo se encuentra actualmente en estado: En proceso. Hasta el momento se registran 1 sesiones con cumplimiento del criterio terapéutico.,10,true,"Entre los 6 y 8 años se consolida el uso de conectores como “porque”, “entonces”, “después”. Su uso adecuado refleja organización narrativa y pensamiento secuencial.",80,Neurolengua,Uso de “y” y “después”,Uso de “porque”,Uso combinado en narración,En proceso,1,Se recomienda continuar intervención terapéutica sobre este objetivo.,🟡 En progreso,6 (https://www.notion.so/6-317dbccbb7cb80cab129e595453ec517?pvs=21),2,Coherencia y cohesión,1 (https://www.notion.so/1-31ddbccbb7cb80dba315df2ad26050d1?pvs=21),Lenguaje Expresivo
Narración estructurada de secuencias,Relatar historias con pictogramasNarración guiada con preguntasReordenar viñetasContar historias inventadasJuegos de inicio–nudo–desenlace,"
• Contar qué pasó en la escuela
• Relatar películas o cuentos
• Juegos de inventar historias
• Secuenciar actividades del día",1,Relato oral estructurado con secuencia temporal coherente.,,7-8,NL-6-EXP-03,Porcentaje de secuencias narradas correctamente,El objetivo se encuentra actualmente en estado: En proceso. Hasta el momento se registran 1 sesiones con cumplimiento del criterio terapéutico.,10,true,"En esta etapa se espera capacidad de narrar eventos con inicio, desarrollo y cierre.",80,Neurolengua,Descripción de imágenes en orden,Relato con apoyo visual,Narración libre estructurada,En proceso,1,Se recomienda continuar intervención terapéutica sobre este objetivo.,🟡 En progreso,6 (https://www.notion.so/6-317dbccbb7cb80cab129e595453ec517?pvs=21),2,Organización discursiva,"6 (https://www.notion.so/6-317dbccbb7cb80cab129e595453ec517?pvs=21), 5 (https://www.notion.so/5-31bdbccbb7cb80b4bf09c9a7c0709f7d?pvs=21), 3 (https://www.notion.so/3-31ddbccbb7cb80c4a5f2e67dcc04208a?pvs=21), 2 (https://www.notion.so/2-31ddbccbb7cb80d2a102c0be13e4105b?pvs=21), 1 (https://www.notion.so/1-31edbccbb7cb80b5b6d5cc6b6440381e?pvs=21)",Lenguaje Narrativo
Comprensión y producción de inferencias simples,Preguntas inferenciales sobre imágenesHistorias incompletasDetectar pistas contextualesJuegos de “¿qué creés que pasó?”Predicción de finales,Preguntar “¿qué creés que va a pasar?”Conversar sobre emociones de personajesAnticipar situaciones cotidianasLeer cuentos y hacer hipótesis,0,Respuesta adecuada a preguntas inferenciales en contexto narrativo.,,7-8,NL-6-EXP-04,Porcentaje de respuestas inferenciales correctas,El objetivo se encuentra actualmente en estado: En proceso. Hasta el momento se registran 0 sesiones con cumplimiento del criterio terapéutico.,10,,"A esta edad se desarrolla la capacidad de inferir información no explícita, esencial para comprensión lectora futura.",80,Neurolengua,Inferencias con apoyo visual,Inferencias en relato breve,Inferencias sin apoyo visual,En proceso,,Se recomienda continuar intervención terapéutica sobre este objetivo.,🔴 Prioritario,,2,Inferencia,,Comprensión
Uso y comprensión de vocabulario académico,"
• Clasificación semántica
• Definición de palabras
• Analogías verbales
• Asociación concepto–categoría
• Juegos de sinónimos y antónimos
• Explicación de palabras nuevas","
• Preguntar significado de palabras nuevas
• Usar vocabulario escolar en conversación diaria
• Juegos de categorías
• Lectura compartida comentada
• Explicar palabras difíciles de cuentos o tareas",0,Producción y comprensión adecuada de vocabulario académico en contexto oral o narrativo.,,7-8,NL-7-SEM-01,Porcentaje de uso y comprensión correcta de vocabulario académico,El objetivo se encuentra actualmente en estado: En proceso. Hasta el momento se registran 0 sesiones con cumplimiento del criterio terapéutico.,10,,"Entre los 7 y 8 años se amplía el repertorio léxico hacia vocabulario abstracto y académico, necesario para la comprensión escolar y el desarrollo del lenguaje escrito. Dificultades en este aspecto pueden impactar directamente en el rendimiento académico.",80,Neurolengua,Comprensión de vocabulario académico con apoyo contextual,Uso de vocabulario académico en frases,Uso espontáneo en discurso narrativo o explicativo,En proceso,,Se recomienda continuar intervención terapéutica sobre este objetivo.,🔴 Prioritario,,2,Vocabulario académico,,Semántica
Narración estructurada de experiencias y cuentos breves,🟢 Menor complejidadSecuencias visuales de 3 imágenesOrdenar tarjetas “primero – después – al final”Relato guiado con preguntas estructuradas🟡 Complejidad mediaRelato sin imágenes pero con palabras claveCrear final alternativoDetectar error en secuencia contada por terapeuta🔴 Mayor complejidadRelato espontáneo de experiencia personalRecontar cuento escuchado sin apoyo visualIncluir emoción + problema + solución,"Contar “qué fue lo mejor del día” con inicio y finalJuego de “ordenemos la historia”Narrar receta sencilla paso a pasoRelatar película breve usando “primero, después, al final”",0,Producción oral de relato con:3 eventos secuenciadosuso de al menos 2 conectores temporalesreferencia clara a personajes,,6-7,NL-6-7-NAR-01,Porcentaje de relatos estructurados correctamente.,El objetivo se encuentra actualmente en estado: En proceso. Hasta el momento se registran 0 sesiones con cumplimiento del criterio terapéutico.,10,,"Entre los 6 y 7 años el niño debería poder producir relatos con secuencia lógica (inicio–nudo–desenlace), incluyendo conectores temporales y referencias claras a personajes. La dificultad persistente puede impactar en comprensión lectora futura",70,Neurolengua,Relato de 2 eventos sin conectores claros.," Relato con 3 eventos y 1 conector temporal.",Relato completo con secuencia lógica + 2 conectores + coherencia temática.,En proceso,,Se recomienda continuar intervención terapéutica sobre este objetivo.,🔴 Prioritario,,3,Narrativa oral estructurada,,Lenguaje Expresivo
Comprensión y ejecución de consignas orales de 2 y 3 pasos con conectores lógicos y temporales.,"🟢 Menor complejidad“Toca la mesa y después aplaude”Ordenar acciones simples dadas oralmenteJuego de secuencia corporal guiada🟡 Complejidad media“Antes de sentarte, guarda el lápiz”Consignas con distractoresEjecutar mientras escucha música de fondo🔴 Mayor complejidadConsignas condicionales (“Si terminas, entonces…”)Consignas con doble información relevanteEjecución grupal sin repetición",Juego “Simón dice” con 2–3 pasosDar instrucciones para preparar algo simpleRutina diaria con orden verbalizadoJuego de seguir instrucciones en cocina o armado,0,"Ejecución correcta de consignas que incluyan:2 o 3 acciones secuenciadasconectores como: antes de, después de, mientras, si… entoncesinformación relevante sin necesidad de repetición",,6-7,NL-6-7-COM-SEG-02,Porcentaje de consignas ejecutadas correctamente sin repetición.,El objetivo se encuentra actualmente en estado: En proceso. Hasta el momento se registran 0 sesiones con cumplimiento del criterio terapéutico.,10,,"Entre los 6 y 7 años el niño debe comprender consignas escolares que incluyen secuencias, relaciones causales y condicionales. Las dificultades en esta habilidad afectan el desempeño académico, la autonomía en el aula y la organización conductual",75,Neurolengua,Comprende consignas de 2 pasos simples sin conectores complejos.,Comprende consignas de 3 pasos o con un conector temporal.,Comprende consignas con estructura condicional o doble conector sin apoyo visual,En proceso,,Se recomienda continuar intervención terapéutica sobre este objetivo.,🔴 Prioritario,,3,Comprensión de consignas complejas,,Comprensión
"Manipulación consciente de unidades fonológicas (segmentación, omisión y sustitución de fonemas).",• “Decime los sonidos de SOL”• “Decí MESA sin la M”• “Cambiá la P de PATO por G”• Tarjetas de sustitución inicial• Manipulación con fichas o cubos fonémicos• Juego del robot (habla segmentado),• Juego del “sin” en casa• Rimas modificadas• Palabras inventadas cambiando sonidos• Detectar qué palabra queda si sacamos un sonido,0,"Capacidad para segmentar palabras en fonemas, omitir sonidos iniciales o finales y sustituir fonemas para formar nuevas palabras, en tareas estructuradas y controladas",,6-7,NL-6-7-META-CF-03,Porcentaje de manipulaciones fonémicas correctas,El objetivo se encuentra actualmente en estado: En proceso. Hasta el momento se registran 0 sesiones con cumplimiento del criterio terapéutico.,10,,"Entre los 6 y 7 años el niño debe consolidar habilidades metalingüísticas que le permitan identificar, segmentar y manipular fonemas de manera consciente. Esta capacidad es un predictor directo del aprendizaje lector-escritor. La dificultad en manipulación fonémica impacta en decodificación, ortografía y fluidez lectora.",80,Neurolengua,Segmenta palabras de estructura simple (CV-CV) y reconoce sonido inicial,Omite sonido inicial o final en palabras bisílabas.,Sustituye fonema inicial o medial y genera palabra válida.,En proceso,,Se recomienda continuar intervención terapéutica sobre este objetivo.,🔴 Prioritario,,2,Conciencia fonológica avanzada,,Metalingüística
"Manipulación fonémica compleja (adición, omisión y sustitución de fonemas)",Tarjetas con transformación de palabrasJuego “palabra robot” (desarmar y volver a armar cambiando sonidos)Dominó fonémicoEscalera de palabras (pato → gato → gata → data),Juego oral en el auto: “decime casa sin /k/”Transformaciones divertidas (“si perro empieza con /g/ ¿qué sería?”)Competencia de palabras inventadasPalabras encadenadas cambiando un sonido,0,"Se considera respuesta correcta cuando el niño logra:Quitar un fonema inicial, medial o final (ej: “plato” sin /p/ → “lato”)Agregar un fonema en posición indicadaSustituir un fonema por otro formando palabra real o pseudopalabra coherenteSin apoyo escrito en Nivel 2 y 3",,7-8,NL-7-8-META-CF-04,Porcentaje de respuestas correctas en tareas de manipulación fonémica oral.,El objetivo se encuentra actualmente en estado: En proceso. Hasta el momento se registran 0 sesiones con cumplimiento del criterio terapéutico.,10,,"Entre los 7 y 8 años se espera consolidación de la conciencia fonémica explícita. El niño debería poder operar mentalmente sobre los sonidos del habla sin apoyo visual directo. Las tareas de adición, omisión y sustitución fonémica son predictores sólidos del desempeño lector y de la escritura convencional.",80,Neurolengua,Manipula fonemas en posición inicial con apoyo visual.,Manipula fonemas iniciales y finales sin apoyo visual,"Manipula fonemas iniciales, mediales y finales con rapidez y precisión en modalidad auditiva pura.",En proceso,,Se recomienda continuar intervención terapéutica sobre este objetivo.,🔴 Prioritario,,2,Conciencia Fonológica,,Metalingüística
Conciencia silábica compleja y reorganización silábica,Tarjetas con sílabas móvilesJuego “palabra desordenada”Bingo de sílaba tónicaCarrera de sílabas (armar palabra más rápido)Dictado silábico con reorganización,Armar palabras con sílabas escritas en papelitosCompetencia de inversión silábica divertidaBuscar palabras con sílaba trabada en revistas,0,"Se considera logrado cuando el niño puede:Invertir sílabas (pa-lo → lo-pa)Eliminar sílaba inicial o final (ca-mi-sa sin “ca” → mi-sa)Reordenar sílabas para formar palabra correctaTrabajar con sílabas trabadas (pla, bra, tro)Identificar sílaba tónicaSin apoyo escrito en Nivel 3",,7-8,NL-7-8-META-CF-05,Porcentaje de reorganizaciones silábicas correctas.,El objetivo se encuentra actualmente en estado: En proceso. Hasta el momento se registran 0 sesiones con cumplimiento del criterio terapéutico.,12,,"Entre los 7 y 8 años el niño debería poder operar con unidades silábicas de manera flexible.Ya no solo segmenta o cuenta sílabas, sino que puede:ReordenarlasEliminarlasInvertirlasDetectar sílabas tónicasManipular sílabas complejas (trabadas, diptongos)Esta habilidad impacta directamente en lectura fluida, ortografía y producción escrita.",80,Neurolengua,Segmenta e identifica sílabas con apoyo visual.,Reorganiza sílabas e identifica sílaba tónica con apoyo mínimo.,Manipula sílabas complejas en modalidad auditiva pura con rapidez y precisión.,En proceso,,Se recomienda continuar intervención terapéutica sobre este objetivo.,🔴 Prioritario,,2,Conciencia Fonológica,,Metalingüística
Combinación palabra + gesto significativo," Señalar y nombrar
Juegos de pedir objetos
Modelado gestual
Comunicación intencional","Modelar gestos comunicativos
Reforzar señalamiento
Juegos de pedir
Rutinas comunicativas",0,Producción combinada de gesto comunicativo y palabra.,,2-3,NL-2-SIN-10,Porcentaje de combinaciones correctas,El objetivo se encuentra actualmente en estado: En proceso. Hasta el momento se registran 0 sesiones con cumplimiento del criterio terapéutico.,10,,En etapas tempranas el lenguaje se apoya fuertemente en gestos comunicativos que acompañan la producción verbal.,70,Neurolengua,gesto + vocalización,gesto + palabra,gesto + frase,En proceso,1,Se recomienda continuar intervención terapéutica sobre este objetivo.,🔴 Prioritario,,2,Integración gesto-verbal,1 (https://www.notion.so/1-31ddbccbb7cb80fe8586c9fd2a1cb666?pvs=21),Comunicación
Denominación espontánea de objetos familiares,"Caja sorpresa: sacar objetos y nombrarlos.

Lotería/memotest simple de objetos cotidianos.

Juego simbólico (cocina/autos/animales) promoviendo nombrar antes de usar.

Clasificación básica (comida/ropa/juguetes) con denominación en cada ítem.

Estrategia de “pausa + mirada” para provocar denominación espontánea.","Nombrar objetos en rutina (ropa/comida/baño) y dar tiempo para que el niño lo diga.

Antes de entregar, esperar la palabra (“¿qué querés?”) y aceptar aproximaciones.

Jugar 5 minutos diarios con 5 objetos y nombrarlos muchas veces.

Leer libros de imágenes y pedir que nombre (“¿qué ves?”).

Reforzar la denominación espontánea con entusiasmo y expansión (“sí, auto grande”).",0,"El niño nombra objetos familiares de manera espontánea durante el juego o la rutina, sin modelo verbal inmediato.

Se considera correcta la palabra reconocible que identifica el objeto (puede ser aproximación fonológica propia de la edad si es consistente y comprensible en contexto).",,2-3,NL-2-LEX-08,Porcentaje de denominaciones correctas de objetos familiares,El objetivo se encuentra actualmente en estado: En proceso. Hasta el momento se registran 0 sesiones con cumplimiento del criterio terapéutico.,10,,"Entre los 24 y 36 meses el vocabulario expresivo aumenta significativamente. La denominación espontánea refleja acceso léxico, consolidación semántica y uso funcional del lenguaje.

La baja denominación espontánea puede deberse a escaso repertorio léxico, dificultades de evocación o poco intercambio comunicativo; por eso se recomienda trabajar en contextos significativos y repetidos.",70,Neurolengua,"Denominación con apoyo (señalamiento/gesto del adulto)
","
Denominación ante pregunta (“¿qué es?”) sin modelo inmediato
",Denominación espontánea en juego o rutina sin pregunta directa,En proceso,,Se recomienda continuar intervención terapéutica sobre este objetivo.,🔴 Prioritario,,2,Acceso léxico,,Lenguaje Expresivo
Inicio espontáneo de interacción verbal,"Rutinas interrumpidas (pausar una actividad favorita y esperar iniciativa).

Juego de turnos (pelota/encastre) con “mi turno/tu turno” y pausas.

Demora intencional: sostener objeto deseado y esperar pedido/inicio verbal.

Juego de “mostrar” (mira qué es) con refuerzo social inmediato.

Comunicación temptations: objetos a la vista pero fuera de alcance.","Esperar 5–10 segundos antes de anticiparse (dar oportunidad de iniciar).

Dejar cosas a la vista y que necesite pedir ayuda.

Pausar canciones/juegos y esperar que el niño “pida que siga”.

Responder rápido y con entusiasmo cuando inicia.

Promover “mostrar y compartir” (“¿qué viste?”) en paseo/casa.",0,"El niño inicia un intercambio comunicativo verbal dirigido a otra persona (adulto o par) sin estímulo inmediato (sin que le estén preguntando justo en ese momento).

Se considera correcto cuando la producción verbal tiene intención comunicativa (llamar, pedir, mostrar, comentar) y está dirigida a alguien.",,2-3,NL-2-PRAG-09,Porcentaje de intentos de inicio comunicativo verbal,El objetivo se encuentra actualmente en estado: En proceso. Hasta el momento se registran 0 sesiones con cumplimiento del criterio terapéutico.,10,,"La iniciativa comunicativa es un indicador central del desarrollo pragmático entre los 24 y 36 meses. Implica que el niño usa el lenguaje para iniciar contacto, pedir, comentar o llamar la atención del adulto.

Cuando la iniciativa es baja, se recomienda trabajar estrategias de espera, rutinas interrumpidas y juegos de turnos para aumentar la motivación comunicativa y la intención de compartir.",70,Neurolengua,"Nivel 1: Inicia con vocalización/palabra social (ej. “hola”, “mamá”)


","
Nivel 2: Inicia para pedir o llamar (ej. “dame”, “vení”, “más”)
","
Nivel 3: Inicia para comentar/compartir (ej. “auto acá”, “mira perro”)",En proceso,,Se recomienda continuar intervención terapéutica sobre este objetivo.,🔴 Prioritario,,2,Iniciativa comunicativa,,Pragmática
Comprensión de consignas simples,"1️⃣ Juego de órdenes

Dar consignas simples durante el juego con juguetes.
2️⃣ Rutinas dirigidas

Pedir acciones durante actividades de juego o movimiento.
3️⃣ Juego de búsqueda

Pedir que encuentre y entregue objetos dentro del consultorio.","1️⃣ Consignas en la rutina diaria

Ejemplo: “traé los zapatos”.
2️⃣ Juego de recoger juguetes

Pedir que guarde objetos específicos.
3️⃣ Actividades de ayuda en casa

Pedir acciones simples como “dame la cuchara”.",0,"Respuesta adecuada del niño ante una consigna verbal simple dada por el adulto, sin apoyo gestual directo.
Ejemplos de consignas:
• “Dame la pelota”
• “Traé el auto”
• “Sentate”
• “Poné el muñeco acá”
Se considera correcta cuando el niño realiza la acción solicitada dentro del contexto de interacción.",,2-3,NL-2-COM-11,Porcentaje de respuestas correctas a consignas simples.,El objetivo se encuentra actualmente en estado: En proceso. Hasta el momento se registran 0 sesiones con cumplimiento del criterio terapéutico.,10,,Entre los 24 y 36 meses los niños comienzan a comprender consignas verbales simples relacionadas con acciones y objetos familiares. Esta habilidad refleja el desarrollo de la comprensión lingüística y la capacidad de procesar instrucciones básicas en contexto. La comprensión de consignas constituye una base fundamental para el desarrollo del lenguaje expresivo y para la participación en interacciones cotidianas.,70,Neurolengua,"Comprende consignas simples con apoyo gestual del adulto.

Ejemplo: el adulto señala el objeto mientras da la consigna.","Comprende consignas simples sin apoyo gestual en contexto de juego.

Ejemplo: “dame el auto”.","Comprende consignas simples en diferentes contextos y con distintos objetos.

Ejemplo: “guardá el juguete”, “traé la pelota”.",En proceso,,Se recomienda continuar intervención terapéutica sobre este objetivo.,🔴 Prioritario,,2,Comprensión verbal,,Comprensión
Comprensión de vocabulario cotidiano,"1️⃣ Juego de señalar imágenes

Presentar tarjetas con objetos familiares y pedir que el niño señale el objeto nombrado.
2️⃣ Juego de selección de objetos

Colocar varios juguetes y solicitar identificar uno específico.
3️⃣ Libros de imágenes

Trabajar la identificación de palabras dentro de libros ilustrados.","1️⃣ Nombrar objetos del hogar

Durante las rutinas diarias pedir al niño que identifique objetos.
2️⃣ Juego de buscar objetos

Ejemplo: “buscá la pelota”.
3️⃣ Lectura de libros con imágenes

Señalar imágenes mientras el adulto nombra los objetos.",0,"Respuesta adecuada del niño ante la solicitud de identificar o señalar un objeto, imagen o acción nombrada por el adulto.
Ejemplos:
• “¿Dónde está la pelota?”
• “Mostrame el perro”
• “¿Dónde está la taza?”
Se considera correcta cuando el niño identifica el objeto solicitado entre varias opciones.",,2-3,NL-2-SEM-12,Porcentaje de respuestas correctas,El objetivo se encuentra actualmente en estado: En proceso. Hasta el momento se registran 0 sesiones con cumplimiento del criterio terapéutico.,10,,"Entre los 24 y 36 meses los niños amplían significativamente su vocabulario receptivo, comprendiendo palabras vinculadas a objetos, personas, acciones y rutinas cotidianas. La comprensión de vocabulario cotidiano constituye una base fundamental para el desarrollo del lenguaje expresivo y para la participación en interacciones comunicativas significativas. Dificultades en esta área pueden reflejar retrasos en el desarrollo semántico o en la comprensión del lenguaje.",70,Neurolengua,"Identifica objetos altamente familiares con apoyo gestual del adulto.

Ejemplo: señalar la pelota cuando el adulto la menciona.","Identifica objetos familiares presentados en imágenes o entre varias opciones sin apoyo gestual.

Ejemplo: señalar el perro entre diferentes animales.","Identifica vocabulario cotidiano en diferentes contextos y situaciones de juego o rutina.

Ejemplo: reconocer objetos dentro del entorno del consultorio o del hogar.",En proceso,,Se recomienda continuar intervención terapéutica sobre este objetivo.,🔴 Prioritario,,2,Semántica,,Comprensión
Uso de gestos comunicativos,"1️⃣ Juego de señalar objetos

Colocar objetos atractivos y esperar que el niño los señale para pedirlos.
2️⃣ Juego de mostrar objetos

Invitar al niño a mostrar juguetes al terapeuta.
3️⃣ Interacción social guiada

Trabajar gestos como saludar o despedirse durante el juego.","1️⃣ Modelar gestos comunicativos

Los adultos pueden modelar gestos durante las rutinas.
2️⃣ Juegos de señalar

Ejemplo: señalar animales en libros o imágenes.
3️⃣ Interacciones sociales cotidianas

Practicar gestos como saludar, despedirse o pedir.",0,"Uso espontáneo o inducido de gestos comunicativos para expresar una intención comunicativa durante la interacción con el adulto.
Ejemplos de gestos:
• señalar objetos
• mostrar un objeto
• extender la mano para pedir
• saludar con la mano.
Se considera correcto cuando el gesto cumple una función comunicativa clara.",,2-3,NL-2-PRAG-13,Porcentaje de respuestas adecuadas,El objetivo se encuentra actualmente en estado: En proceso. Hasta el momento se registran 0 sesiones con cumplimiento del criterio terapéutico.,10,,"Durante los primeros años de vida los gestos comunicativos constituyen una forma fundamental de interacción social y de expresión de intenciones comunicativas. Entre los 24 y 36 meses los niños utilizan gestos como señalar, mostrar o entregar objetos para complementar o reemplazar el lenguaje verbal. El uso adecuado de gestos facilita la comprensión del intercambio comunicativo y favorece el desarrollo posterior del lenguaje expresivo.",70,Neurolengua,"Utiliza gestos comunicativos con apoyo del adulto o modelado.

Ejemplo: señalar un objeto luego de que el adulto lo modele.","Utiliza gestos comunicativos de manera espontánea durante el juego.

Ejemplo: señalar un juguete para pedirlo.","Integra gestos comunicativos con vocalizaciones o palabras.

Ejemplo: señalar un objeto y decir “eso”.",En proceso,,Se recomienda continuar intervención terapéutica sobre este objetivo.,🔴 Prioritario,,2,Comunicación no verbal,,Pragmática